{
    "iteration": 3,
    "hv": 0.027533351363595703,
    "mIoU_tau": 0.9285714285714285,
    "sec_obj_tau": 0.8571428571428571
}