{
    "iteration": 21,
    "hv": 0.029652147327894795,
    "mIoU_tau": 0.7857142857142856,
    "sec_obj_tau": 0.9285714285714285
}