{
    "iteration": 22,
    "hv": 0.05479215494766251,
    "mIoU_tau": 0.7857142857142856,
    "sec_obj_tau": 0.9285714285714285
}