{
    "iteration": 6,
    "hv": 0.052354977529297304,
    "mIoU_tau": 0.9285714285714285,
    "sec_obj_tau": 0.9285714285714285
}