{
    "iteration": 12,
    "hv": 0.028507046041387363,
    "mIoU_tau": 0.7857142857142856,
    "sec_obj_tau": 0.9999999999999998
}