{
    "iteration": 4,
    "hv": 0.05220534412221554,
    "mIoU_tau": 0.7857142857142856,
    "sec_obj_tau": 0.7142857142857142
}