{
    "iteration": 7,
    "hv": 0.028352351463507234,
    "mIoU_tau": 0.7142857142857142,
    "sec_obj_tau": 0.9999999999999998
}