{
    "iteration": 22,
    "hv": 0.029785196438413805,
    "mIoU_tau": 0.9999999999999998,
    "sec_obj_tau": 0.9285714285714285
}