{
    "iteration": 16,
    "hv": 0.05384734430822768,
    "mIoU_tau": 0.7142857142857142,
    "sec_obj_tau": 0.7142857142857142
}