{
    "iteration": 21,
    "hv": 0.05476460059298241,
    "mIoU_tau": 0.7142857142857142,
    "sec_obj_tau": 0.9285714285714285
}