{
    "iteration": 30,
    "hv": 0.05516064355293891,
    "mIoU_tau": 0.8571428571428571,
    "sec_obj_tau": 0.9999999999999998
}