{
    "iteration": 11,
    "hv": 0.053279712663822774,
    "mIoU_tau": 0.7142857142857142,
    "sec_obj_tau": 0.8571428571428571
}