{
    "iteration": 11,
    "hv": 0.02850455229267316,
    "mIoU_tau": 0.9285714285714285,
    "sec_obj_tau": 0.7857142857142856
}