{
    "iteration": 9,
    "hv": 0.05317873942951512,
    "mIoU_tau": 0.42857142857142855,
    "sec_obj_tau": 0.9285714285714285
}