{
    "iteration": 25,
    "hv": 0.054870800065937836,
    "mIoU_tau": 0.7857142857142856,
    "sec_obj_tau": 0.9999999999999998
}