{
    "iteration": 29,
    "hv": 0.029976571623521606,
    "mIoU_tau": 0.8571428571428571,
    "sec_obj_tau": 0.9999999999999998
}