{
    "iteration": 17,
    "hv": 0.053881169534607316,
    "mIoU_tau": 0.5714285714285714,
    "sec_obj_tau": 0.9999999999999998
}