{
    "iteration": 23,
    "hv": 0.029797059625763553,
    "mIoU_tau": 0.9285714285714285,
    "sec_obj_tau": 0.9285714285714285
}