{
    "iteration": 29,
    "hv": 0.0549154163524276,
    "mIoU_tau": 0.7857142857142856,
    "sec_obj_tau": 0.9999999999999998
}