{
    "iteration": 30,
    "hv": 0.029986711905152494,
    "mIoU_tau": 0.4999999999999999,
    "sec_obj_tau": 0.9999999999999998
}