{
    "iteration": 8,
    "hv": 0.028433551309621368,
    "mIoU_tau": 0.5714285714285714,
    "sec_obj_tau": 0.9285714285714285
}