{
    "iteration": 10,
    "hv": 0.0532558928388911,
    "mIoU_tau": 0.5714285714285714,
    "sec_obj_tau": 0.9999999999999998
}