{
    "iteration": 20,
    "hv": 0.05469487377554158,
    "mIoU_tau": 0.14285714285714285,
    "sec_obj_tau": 0.8571428571428571
}