{
    "iteration": 3,
    "hv": 0.051582967859842364,
    "mIoU_tau": 0.4999999999999999,
    "sec_obj_tau": 0.7142857142857142
}