{
    "iteration": 26,
    "hv": 0.02992689608846083,
    "mIoU_tau": 0.9285714285714285,
    "sec_obj_tau": 0.9999999999999998
}