{
    "iteration": 15,
    "hv": 0.029129757017108317,
    "mIoU_tau": 0.8571428571428571,
    "sec_obj_tau": 0.9999999999999998
}