{
    "iteration": 27,
    "hv": 0.02993422101840637,
    "mIoU_tau": 0.9999999999999998,
    "sec_obj_tau": 0.9999999999999998
}