{
    "iteration": 20,
    "hv": 0.029513378423969734,
    "mIoU_tau": 0.9999999999999998,
    "sec_obj_tau": 0.9285714285714285
}