{
    "iteration": 16,
    "hv": 0.0291325914234205,
    "mIoU_tau": 0.7142857142857142,
    "sec_obj_tau": 0.9999999999999998
}