{
    "iteration": 28,
    "hv": 0.029944952197464535,
    "mIoU_tau": 0.7142857142857142,
    "sec_obj_tau": 0.9999999999999998
}