{
    "iteration": 27,
    "hv": 0.05488708015882419,
    "mIoU_tau": 0.7142857142857142,
    "sec_obj_tau": 0.9999999999999998
}