{
    "iteration": 19,
    "hv": 0.054655375149345216,
    "mIoU_tau": 0.5714285714285714,
    "sec_obj_tau": 0.8571428571428571
}