{
    "iteration": 1,
    "hv": 0.02626390020507199,
    "mIoU_tau": 0.8571428571428571,
    "sec_obj_tau": 0.9999999999999998
}