{
    "iteration": 12,
    "hv": 0.0535363303641153,
    "mIoU_tau": 0.7857142857142856,
    "sec_obj_tau": 0.7857142857142856
}