{
    "iteration": 1,
    "hv": 0.05060951429765809,
    "mIoU_tau": 0.9285714285714285,
    "sec_obj_tau": 0.9999999999999998
}