{
    "iteration": 24,
    "hv": 0.05487051912618545,
    "mIoU_tau": 0.9999999999999998,
    "sec_obj_tau": 0.9999999999999998
}