{
    "iteration": 18,
    "hv": 0.02927575110586261,
    "mIoU_tau": 0.7142857142857142,
    "sec_obj_tau": 0.9999999999999998
}