{
    "iteration": 13,
    "hv": 0.05384042682769717,
    "mIoU_tau": 0.9285714285714285,
    "sec_obj_tau": 0.9285714285714285
}