{
    "iteration": 2,
    "hv": 0.027313756339624518,
    "mIoU_tau": 0.9285714285714285,
    "sec_obj_tau": 0.9999999999999998
}