{
    "iteration": 15,
    "hv": 0.05384734430822768,
    "mIoU_tau": -0.2857142857142857,
    "sec_obj_tau": 0.8571428571428571
}