{
    "iteration": 24,
    "hv": 0.029894629751017074,
    "mIoU_tau": 0.8571428571428571,
    "sec_obj_tau": 0.9999999999999998
}