{
    "iteration": 17,
    "hv": 0.02923405241879742,
    "mIoU_tau": 0.6428571428571428,
    "sec_obj_tau": 0.9999999999999998
}