{
    "iteration": 23,
    "hv": 0.0548255361325294,
    "mIoU_tau": 0.7857142857142856,
    "sec_obj_tau": 0.9285714285714285
}