{
    "iteration": 5,
    "hv": 0.02794580952583254,
    "mIoU_tau": 0.8571428571428571,
    "sec_obj_tau": 0.9285714285714285
}