{
    "iteration": 28,
    "hv": 0.05488708015882419,
    "mIoU_tau": 0.6428571428571428,
    "sec_obj_tau": 0.9999999999999998
}