{
    "iteration": 4,
    "hv": 0.027829854916939307,
    "mIoU_tau": 0.9999999999999998,
    "sec_obj_tau": 0.9285714285714285
}