{
    "iteration": 8,
    "hv": 0.052986692004593196,
    "mIoU_tau": 0.7857142857142856,
    "sec_obj_tau": 0.9999999999999998
}