{
    "iteration": 14,
    "hv": 0.05384734430822768,
    "mIoU_tau": 0.4999999999999999,
    "sec_obj_tau": 0.9999999999999998
}