{
    "iteration": 2,
    "hv": 0.05080076515227928,
    "mIoU_tau": 0.5714285714285714,
    "sec_obj_tau": 0.9285714285714285
}