{
    "iteration": 10,
    "hv": 0.028474688837378952,
    "mIoU_tau": 0.8571428571428571,
    "sec_obj_tau": 0.9999999999999998
}