{
    "iteration": 6,
    "hv": 0.028128817767287838,
    "mIoU_tau": 0.7857142857142856,
    "sec_obj_tau": 0.9999999999999998
}