{
    "iteration": 25,
    "hv": 0.02992616659497548,
    "mIoU_tau": 0.9999999999999998,
    "sec_obj_tau": 0.9285714285714285
}