{
    "iteration": 13,
    "hv": 0.028694397661071753,
    "mIoU_tau": 0.9285714285714285,
    "sec_obj_tau": 0.9999999999999998
}